prefix,name,org_id
AKD,AKD,3
AKG,AKG,3
ATB,ATB,3
ATK,ATK,2
BBK,BBK,2
BJR,BJR,5
BLG,BLG,4
BNS,BNS,2
BSZ,BSZ,5
BTN,BTN,2
DMB,DMB,3
DSK,DSK,3
DSR,DSR,2
ESB,ESB,3
GRN,GRN,4
IKN,IKN,2
JLM,JLM,5
KKL,KKL,3
KKR,KKR,2
KLR,KLR,3
KNK,KNK,4
KNM,KNM,5
KON,KON,5
KRA,KRA,3
KRK,KRK,2
KRT,KRT,3
KSB,KSB,3
KSC,KSC,3
KSG,KSG,3
KSH,KSH,3
KSM,KSM,2
LMN,LMN,4
MKT,MKT,2
MSB,MSB,3
NBZ,NBZ,4
NRG,NRG,3
RVN,RVN,4
SGZ,SGZ,2
SJB,SJB,2
SKM,SKM,3
SKS,SKS,5
SZK,SZK,3
TLS,TLS,3
TNU,TNU,3
TTR,TTR,2
TZH,TZH,3
UAZ,UAZ,5
UKM,UKM,3
UVK,UVK,4
UVN,UVN,4
UZK,UZK,4
UZS,UZS,5
UZV,UZV,5
VMB,VMB,5
VMT,VMT,2
ZBN,ZBN,4
ZHT,ZHT,4
ZKS,ZKS,3
ZPV,ZPV,3
